timestamp,model,command,cost,input_files,output_files
2026-01-31T23:39:54.477,,sync,0.0,,
2026-01-31T23:40:05.590,,sync,0.0,,
2026-01-31T23:40:15.270,,sync,0.0,,
2026-01-31T23:40:26.105,,sync,0.0,,
2026-01-31T23:40:35.981,,sync,0.0,,
2026-01-31T23:40:47.500,,sync,0.0,,
2026-01-31T23:40:57.994,,sync,0.0,,
2026-01-31T23:41:09.674,,sync,0.0,,
2026-01-31T23:41:20.442,,sync,0.0,,
2026-01-31T23:42:23.311,,sync,0.0,,
2026-01-31T23:42:39.004,,sync,0.0,,
2026-01-31T23:24:41.270,anthropic,generate,3.7368050500000005,https://github.com/djsurt/HackathonPDD/issues/10,
